filename,orgname,label,,,,,,,,,,,,,,,,,,,,,,,
reggae.00000.wav,ES_302's - Thompson Town Flowers.wav,reggae,,,,,,,,,,,,,,,,,,,,,,,
reggae.00001.wav,ES_A New Island - Daniel Fridell.wav,reggae,,,,,,,,,,,,,,,,,,,,,,,
reggae.00002.wav,ES_A Summer Fling Kinda Thing - One Drop Culture.wav,reggae,,,,,,,,,,,,,,,,,,,,,,,
reggae.00003.wav,ES_Affirmation - Thompson Town Flowers.wav,reggae,,,,,,,,,,,,,,,,,,,,,,,
reggae.00004.wav,ES_Agua de Jamaica - Ch@ntarelle.wav,reggae,,,,,,,,,,,,,,,,,,,,,,,
reggae.00005.wav,ES_All Fruits Ripe - Lou Ricard.wav,reggae,,,,,,,,,,,,,,,,,,,,,,,
reggae.00006.wav,ES_Allow Me to Dream - One Drop Culture.wav,reggae,,,,,,,,,,,,,,,,,,,,,,,
reggae.00007.wav,ES_Bang Belly - Lou Ricard.wav,reggae,,,,,,,,,,,,,,,,,,,,,,,
reggae.00008.wav,ES_Bashy Gyal - Calisto Young.wav,reggae,,,,,,,,,,,,,,,,,,,,,,,
reggae.00009.wav,ES_Beamin' - Dime Deep.wav,reggae,,,,,,,,,,,,,,,,,,,,,,,
reggae.00010.wav,ES_Begging - Thompson Town Flowers.wav,reggae,,,,,,,,,,,,,,,,,,,,,,,
reggae.00011.wav,ES_Big J - Sir Gigalot.wav,reggae,,,,,,,,,,,,,,,,,,,,,,,
reggae.00012.wav,ES_Birds of Joy - Dexter & The Disciples.wav,reggae,,,,,,,,,,,,,,,,,,,,,,,
reggae.00013.wav,ES_Bless Up - Lou Ricard.wav,reggae,,,,,,,,,,,,,,,,,,,,,,,
reggae.00014.wav,ES_Bona Fide - Lou Ricard.wav,reggae,,,,,,,,,,,,,,,,,,,,,,,
reggae.00015.wav,ES_Boom Boom - Lou Ricard.wav,reggae,,,,,,,,,,,,,,,,,,,,,,,
reggae.00016.wav,ES_Born in Zion - Thompson Town Flowers.wav,reggae,,,,,,,,,,,,,,,,,,,,,,,
reggae.00017.wav,ES_Breathe Easy - Lou Ricard.wav,reggae,,,,,,,,,,,,,,,,,,,,,,,
reggae.00018.wav,ES_Cat Walker - Femme TOV.wav,reggae,,,,,,,,,,,,,,,,,,,,,,,
reggae.00019.wav,ES_Chakka Chakka - Calisto Young.wav,reggae,,,,,,,,,,,,,,,,,,,,,,,
reggae.00020.wav,ES_Chartreuse - Daniel Fridell.wav,reggae,,,,,,,,,,,,,,,,,,,,,,,
reggae.00021.wav,ES_Clockwise - Thompson Town Flowers.wav,reggae,,,,,,,,,,,,,,,,,,,,,,,
reggae.00022.wav,ES_Cocktails and Dreams - Dexter & The Disciples.wav,reggae,,,,,,,,,,,,,,,,,,,,,,,
reggae.00023.wav,ES_Coconut Crib - Lou Ricard.wav,reggae,,,,,,,,,,,,,,,,,,,,,,,
reggae.00024.wav,ES_Crawb Up - Lou Ricard.wav,reggae,,,,,,,,,,,,,,,,,,,,,,,
reggae.00025.wav,ES_Dedication To Vibration (Reggae Version) - Martin Gauffin.wav,reggae,,,,,,,,,,,,,,,,,,,,,,,
reggae.00026.wav,ES_Dem - Push N' Glide.wav,reggae,,,,,,,,,,,,,,,,,,,,,,,
reggae.00027.wav,ES_Dem Lethal Shorts - Thompson Town Flowers.wav,reggae,,,,,,,,,,,,,,,,,,,,,,,
reggae.00028.wav,ES_Devil's End - Thompson Town Flowers.wav,reggae,,,,,,,,,,,,,,,,,,,,,,,
reggae.00029.wav,ES_Do Yu Ting - Lou Ricard.wav,reggae,,,,,,,,,,,,,,,,,,,,,,,
reggae.00030.wav,ES_Don't Lose Your Cool - Thompson Town Flowers.wav,reggae,,,,,,,,,,,,,,,,,,,,,,,
reggae.00031.wav,ES_Down Down Down - Thompson Town Flowers.wav,reggae,,,,,,,,,,,,,,,,,,,,,,,
reggae.00032.wav,ES_Dr Worldwide - Mama Zula.wav,reggae,,,,,,,,,,,,,,,,,,,,,,,
reggae.00033.wav,ES_Dreaming of Bob - One Drop Culture.wav,reggae,,,,,,,,,,,,,,,,,,,,,,,
reggae.00034.wav,ES_Drifting Away - Mama Zula.wav,reggae,,,,,,,,,,,,,,,,,,,,,,,
reggae.00035.wav,ES_Dub Me Sideways - Daniel Fridell.wav,reggae,,,,,,,,,,,,,,,,,,,,,,,
reggae.00036.wav,ES_Duppy - Lou Ricard.wav,reggae,,,,,,,,,,,,,,,,,,,,,,,
reggae.00037.wav,ES_El Marsiano - Don Bacilon.wav,reggae,,,,,,,,,,,,,,,,,,,,,,,
reggae.00038.wav,ES_Eyes Tight - Power Druid.wav,reggae,,,,,,,,,,,,,,,,,,,,,,,
reggae.00039.wav,ES_Far from Kingston - Andreas Dahlback.wav,reggae,,,,,,,,,,,,,,,,,,,,,,,
reggae.00040.wav,ES_Fight It One More Night - Mama Zula.wav,reggae,,,,,,,,,,,,,,,,,,,,,,,
reggae.00041.wav,ES_Formal Dub - Lou Ricard.wav,reggae,,,,,,,,,,,,,,,,,,,,,,,
reggae.00042.wav,ES_Free Me - One Drop Culture.wav,reggae,,,,,,,,,,,,,,,,,,,,,,,
reggae.00043.wav,ES_Fresh From Yard - Thompson Town Flowers.wav,reggae,,,,,,,,,,,,,,,,,,,,,,,
reggae.00044.wav,ES_Go Round - Dime Deep.wav,reggae,,,,,,,,,,,,,,,,,,,,,,,
reggae.00045.wav,ES_Green World - Daniel Fridell.wav,reggae,,,,,,,,,,,,,,,,,,,,,,,
reggae.00046.wav,ES_Gwaan Easy - Lou Ricard.wav,reggae,,,,,,,,,,,,,,,,,,,,,,,
reggae.00047.wav,ES_Hanalei Bay - Dexter & The Disciples.wav,reggae,,,,,,,,,,,,,,,,,,,,,,,
reggae.00048.wav,ES_Happy Cat - Sir Gigalot.wav,reggae,,,,,,,,,,,,,,,,,,,,,,,
reggae.00049.wav,ES_Heavy Breeze - Thompson Town Flowers.wav,reggae,,,,,,,,,,,,,,,,,,,,,,,
reggae.00050.wav,ES_I Feel Good - Mama Zula.wav,reggae,,,,,,,,,,,,,,,,,,,,,,,
reggae.00051.wav,ES_Jackie Style - Sir Gigalot.wav,reggae,,,,,,,,,,,,,,,,,,,,,,,
reggae.00052.wav,ES_Jah Bless - One Drop Culture.wav,reggae,,,,,,,,,,,,,,,,,,,,,,,
reggae.00053.wav,ES_Jeezum Pees - Calisto Young.wav,reggae,,,,,,,,,,,,,,,,,,,,,,,
reggae.00054.wav,ES_Just Crusin' - Bonsaye.wav,reggae,,,,,,,,,,,,,,,,,,,,,,,
reggae.00055.wav,ES_Kingston - Ch@ntarelle.wav,reggae,,,,,,,,,,,,,,,,,,,,,,,
reggae.00056.wav,ES_Kumoochin - Lou Ricard.wav,reggae,,,,,,,,,,,,,,,,,,,,,,,
reggae.00057.wav,ES_Last Waves of Summer - Dexter & The Disciples.wav,reggae,,,,,,,,,,,,,,,,,,,,,,,
reggae.00058.wav,ES_Lawd a Massi - Lou Ricard.wav,reggae,,,,,,,,,,,,,,,,,,,,,,,
reggae.00059.wav,ES_Leisure Island - Dexter & The Disciples.wav,reggae,,,,,,,,,,,,,,,,,,,,,,,
reggae.00060.wav,ES_Lemon Licka - Lou Ricard.wav,reggae,,,,,,,,,,,,,,,,,,,,,,,
reggae.00061.wav,ES_Let in the Sun - J.F. Gloss.wav,reggae,,,,,,,,,,,,,,,,,,,,,,,
reggae.00062.wav,ES_Lion - Ch@ntarelle.wav,reggae,,,,,,,,,,,,,,,,,,,,,,,
reggae.00063.wav,ES_Low Boogie - Dime Deep.wav,reggae,,,,,,,,,,,,,,,,,,,,,,,
reggae.00064.wav,ES_Mandeville Banton - Calisto Young.wav,reggae,,,,,,,,,,,,,,,,,,,,,,,
reggae.00065.wav,ES_Medic! - Dexter & The Disciples.wav,reggae,,,,,,,,,,,,,,,,,,,,,,,
reggae.00066.wav,ES_Mezm - Isaac Charles.wav,reggae,,,,,,,,,,,,,,,,,,,,,,,
reggae.00067.wav,ES_Mi Deh Yah - Calisto Young.wav,reggae,,,,,,,,,,,,,,,,,,,,,,,
reggae.00068.wav,ES_Mickey - Thompson Town Flowers.wav,reggae,,,,,,,,,,,,,,,,,,,,,,,
reggae.00069.wav,ES_Montego Bay - Thompson Town Flowers.wav,reggae,,,,,,,,,,,,,,,,,,,,,,,
reggae.00070.wav,ES_Montego Sunset - Thompson Town Flowers.wav,reggae,,,,,,,,,,,,,,,,,,,,,,,
reggae.00071.wav,ES_Moonlight Caravan - Dexter & The Disciples.wav,reggae,,,,,,,,,,,,,,,,,,,,,,,
reggae.00072.wav,ES_More Prosperity More Love - Thompson Town Flowers.wav,reggae,,,,,,,,,,,,,,,,,,,,,,,
reggae.00073.wav,ES_Move Frah Ya - Lou Ricard.wav,reggae,,,,,,,,,,,,,,,,,,,,,,,
reggae.00074.wav,ES_No Plan for the Wicked - Just Peachy.wav,reggae,,,,,,,,,,,,,,,,,,,,,,,
reggae.00075.wav,ES_No Voodoo No Work - Thompson Town Flowers.wav,reggae,,,,,,,,,,,,,,,,,,,,,,,
reggae.00076.wav,ES_Padang Padang - Dexter & The Disciples.wav,reggae,,,,,,,,,,,,,,,,,,,,,,,
reggae.00077.wav,ES_Penguins - Daniel Fridell.wav,reggae,,,,,,,,,,,,,,,,,,,,,,,
reggae.00078.wav,ES_Playing Noddy (Reggae Version) - Martin Gauffin.wav,reggae,,,,,,,,,,,,,,,,,,,,,,,
reggae.00079.wav,ES_Pot of Gold - Dexter & The Disciples.wav,reggae,,,,,,,,,,,,,,,,,,,,,,,
reggae.00080.wav,ES_Puerto Escondido - Dexter & The Disciples.wav,reggae,,,,,,,,,,,,,,,,,,,,,,,
reggae.00081.wav,ES_Put My Roots Down - Just Peachy.wav,reggae,,,,,,,,,,,,,,,,,,,,,,,
reggae.00082.wav,ES_Redemption Army - Dexter & The Disciples.wav,reggae,,,,,,,,,,,,,,,,,,,,,,,
reggae.00083.wav,"ES_Reggae or Not, Here I Come - Dexter & The Disciples.wav",reggae,,,,,,,,,,,,,,,,,,,,,,,
reggae.00084.wav,ES_Root Tonic - Thompson Town Flowers.wav,reggae,,,,,,,,,,,,,,,,,,,,,,,
reggae.00085.wav,ES_Running from My Doom - Mama Zula.wav,reggae,,,,,,,,,,,,,,,,,,,,,,,
reggae.00086.wav,ES_Seh One - Lou Ricard.wav,reggae,,,,,,,,,,,,,,,,,,,,,,,
reggae.00087.wav,ES_Shiny Eyes - Sven Lindvall.wav,reggae,,,,,,,,,,,,,,,,,,,,,,,
reggae.00088.wav,ES_Sirocco - Dexter & The Disciples.wav,reggae,,,,,,,,,,,,,,,,,,,,,,,
reggae.00089.wav,ES_Slap Weh - Lou Ricard.wav,reggae,,,,,,,,,,,,,,,,,,,,,,,
reggae.00090.wav,ES_Spaghetti on the Island - Thompson Town Flowers.wav,reggae,,,,,,,,,,,,,,,,,,,,,,,
reggae.00091.wav,ES_Spiritize - Isaac Charles.wav,reggae,,,,,,,,,,,,,,,,,,,,,,,
reggae.00092.wav,ES_Spread the Word - Isaac Charles.wav,reggae,,,,,,,,,,,,,,,,,,,,,,,
reggae.00093.wav,ES_Sunshine on the Street - Daniel Fridell.wav,reggae,,,,,,,,,,,,,,,,,,,,,,,
reggae.00094.wav,ES_Takin' a Cab Home - Lou Ricard.wav,reggae,,,,,,,,,,,,,,,,,,,,,,,
reggae.00095.wav,ES_The Believer - Sir Gigalot.wav,reggae,,,,,,,,,,,,,,,,,,,,,,,
reggae.00096.wav,ES_The Elephant - Dime Deep.wav,reggae,,,,,,,,,,,,,,,,,,,,,,,
reggae.00097.wav,ES_The Giant - Sir Gigalot.wav,reggae,,,,,,,,,,,,,,,,,,,,,,,
reggae.00098.wav,ES_The Ocean's Blue - Just Peachy.wav,reggae,,,,,,,,,,,,,,,,,,,,,,,
reggae.00099.wav,ES_The Rise-Up - Isaac Charles.wav,reggae,,,,,,,,,,,,,,,,,,,,,,,
reggae.00100.wav,ES_The Squeako - Lou Ricard.wav,reggae,,,,,,,,,,,,,,,,,,,,,,,
reggae.00101.wav,ES_The Vibe - Thompson Town Flowers.wav,reggae,,,,,,,,,,,,,,,,,,,,,,,
reggae.00102.wav,ES_Thick Skin - Just Peachy.wav,reggae,,,,,,,,,,,,,,,,,,,,,,,
reggae.00103.wav,ES_Tidal Wave - Thompson Town Flowers.wav,reggae,,,,,,,,,,,,,,,,,,,,,,,
reggae.00104.wav,ES_Trust Me - Mama Zula.wav,reggae,,,,,,,,,,,,,,,,,,,,,,,
reggae.00105.wav,ES_Turn Left by the Dirt Road - One Drop Culture.wav,reggae,,,,,,,,,,,,,,,,,,,,,,,
reggae.00106.wav,ES_Uluwatu - Dexter & The Disciples.wav,reggae,,,,,,,,,,,,,,,,,,,,,,,
reggae.00107.wav,ES_Unity - Daniel Fridell.wav,reggae,,,,,,,,,,,,,,,,,,,,,,,
reggae.00108.wav,ES_Wah De Gwaan - Calisto Young.wav,reggae,,,,,,,,,,,,,,,,,,,,,,,
reggae.00109.wav,ES_Whippersnapper - Thompson Town Flowers.wav,reggae,,,,,,,,,,,,,,,,,,,,,,,
reggae.00110.wav,ES_Wisteria - Bonsaye.wav,reggae,,,,,,,,,,,,,,,,,,,,,,,
